patient_id,mutation_burden,deleterious_mutation_burden,vc_3'utr,vc_5'flank,vc_5'utr,vc_de_novo_start_inframe,vc_de_novo_start_outofframe,vc_frame_shift_del,vc_frame_shift_ins,vc_igr,vc_in_frame_del,vc_in_frame_ins,vc_intron,vc_missense_mutation,vc_nonsense_mutation,vc_nonstop_mutation,vc_rna,vc_silent,vc_splice_site,vc_start_codon_snp,vc_stop_codon_ins,vc_lincrna,gene_TP53_mutated,gene_TP53_count,gene_CDKN2A_mutated,gene_CDKN2A_count,gene_PIK3CA_mutated,gene_PIK3CA_count,gene_NOTCH1_mutated,gene_NOTCH1_count,gene_FAT1_mutated,gene_FAT1_count,gene_CASP8_mutated,gene_CASP8_count,gene_HRAS_mutated,gene_HRAS_count,gene_TTN_mutated,gene_TTN_count,gene_CSMD3_mutated,gene_CSMD3_count,gene_MUC16_mutated,gene_MUC16_count,gene_FLG_mutated,gene_FLG_count,gene_LRP1B_mutated,gene_LRP1B_count,gene_PCLO_mutated,gene_PCLO_count,gene_SYNE1_mutated,gene_SYNE1_count,gene_MUC17_mutated,gene_MUC17_count
TCGA-BA-4074,175,129,0,1,0,0,0,2,7,1,0,0,2,109,9,0,0,41,2,1,0,0,1,1,0,0,0,0,0,0,0,0,0,0,0,0,0,0,1,1,0,0,0,0,1,2,1,1,0,0,0,0
TCGA-BA-4077,377,275,0,2,0,0,0,7,2,5,4,0,1,230,22,0,0,94,10,0,0,0,0,0,0,0,1,1,0,0,0,0,0,0,0,0,1,1,1,2,0,0,1,1,0,0,0,0,0,0,1,1
TCGA-BA-5153,62,49,0,0,0,0,0,2,0,2,2,0,0,43,1,0,0,11,1,0,0,0,0,0,0,0,0,0,0,0,0,0,0,0,0,0,1,1,0,0,0,0,0,0,0,0,0,0,0,0,0,0
TCGA-BA-5556,163,127,0,0,1,0,0,0,4,2,0,0,0,111,7,0,0,33,5,0,0,0,0,0,0,0,0,0,0,0,0,0,1,1,1,1,0,0,0,0,0,0,0,0,1,2,0,0,0,0,1,3
TCGA-BA-5557,57,40,0,0,0,0,0,0,0,0,0,0,0,37,1,0,0,17,2,0,0,0,1,1,1,1,1,1,0,0,0,0,0,0,0,0,1,1,0,0,0,0,0,0,0,0,0,0,0,0,0,0
TCGA-BA-6872,195,158,1,0,0,0,0,6,3,1,2,0,1,134,6,0,1,33,7,0,0,0,1,1,1,1,0,0,0,0,0,0,0,0,0,0,1,2,1,2,0,0,0,0,0,0,0,0,0,0,0,0
TCGA-BA-6873,82,62,0,0,0,0,0,5,1,0,2,0,0,47,5,1,0,20,1,0,0,0,1,2,1,1,0,0,1,1,1,1,1,1,0,0,0,0,0,0,0,0,0,0,0,0,1,1,0,0,0,0
TCGA-BA-7269,111,83,0,0,0,0,0,3,1,1,1,0,0,71,5,0,0,27,2,0,0,0,1,1,1,1,0,0,0,0,1,1,0,0,0,0,1,1,0,0,0,0,0,0,0,0,0,0,0,0,0,0
TCGA-BB-4224,92,73,0,0,0,0,0,5,0,1,0,0,0,60,6,0,1,17,2,0,0,0,1,2,0,0,0,0,0,0,0,0,0,0,0,0,0,0,0,0,1,1,0,0,0,0,0,0,0,0,0,0
TCGA-BB-4225,96,62,1,0,0,0,0,0,0,0,1,0,0,57,2,0,0,32,2,1,0,0,0,0,0,0,0,0,1,1,0,0,0,0,0,0,1,1,0,0,1,1,0,0,0,0,0,0,0,0,0,0
TCGA-BB-4228,50,39,0,0,0,0,0,0,1,0,2,0,0,32,4,0,0,11,0,0,0,0,0,0,0,0,0,0,0,0,0,0,0,0,0,0,0,0,0,0,0,0,0,0,0,0,0,0,0,0,0,0
TCGA-CN-4726,98,71,0,0,0,0,0,1,1,0,0,0,0,62,3,0,1,26,4,0,0,0,1,1,0,0,0,0,0,0,0,0,0,0,0,0,0,0,0,0,1,1,0,0,0,0,0,0,0,0,0,0
TCGA-CN-4729,173,123,0,1,0,0,0,5,2,0,3,0,0,103,5,0,1,48,5,0,0,0,1,2,0,0,0,0,1,1,0,0,0,0,0,0,1,3,0,0,0,0,0,0,1,1,0,0,0,0,0,0
TCGA-CN-4737,62,43,0,1,0,0,0,3,0,0,1,0,1,38,1,0,0,16,0,0,0,1,1,1,0,0,0,0,0,0,1,1,0,0,0,0,1,1,0,0,0,0,0,0,0,0,0,0,1,1,0,0
TCGA-CN-4740,177,131,0,0,2,0,0,2,1,2,0,0,0,117,6,0,0,42,5,0,0,0,1,2,0,0,0,0,0,0,0,0,0,0,0,0,1,2,0,0,0,0,0,0,0,0,0,0,0,0,0,0
TCGA-CN-4741,199,144,0,0,0,0,0,0,0,1,0,0,1,132,9,0,1,51,3,0,0,1,0,0,0,0,1,1,0,0,0,0,0,0,0,0,0,0,0,0,0,0,1,1,0,0,0,0,0,0,0,0
TCGA-CN-4742,98,75,2,0,0,0,0,3,1,0,0,0,0,62,9,0,0,21,0,0,0,0,1,1,0,0,0,0,1,1,0,0,0,0,0,0,1,1,0,0,1,1,0,0,0,0,0,0,0,0,0,0
TCGA-CN-5359,178,130,0,1,0,0,0,4,1,3,3,0,1,109,5,0,1,42,8,0,0,0,1,1,1,1,0,0,0,0,1,1,0,0,0,0,1,2,0,0,0,0,0,0,1,1,0,0,0,0,0,0
TCGA-CN-5364,157,132,0,0,0,0,0,1,4,0,2,0,0,109,13,0,0,24,3,0,0,1,1,1,0,0,0,0,0,0,0,0,0,0,0,0,0,0,0,0,0,0,0,0,0,0,1,1,0,0,1,1
TCGA-CN-6016,141,105,0,0,0,0,0,1,1,0,0,0,0,95,3,0,0,36,5,0,0,0,1,1,0,0,0,0,1,1,1,1,0,0,0,0,1,1,0,0,0,0,0,0,0,0,0,0,0,0,0,0
TCGA-CN-6018,126,88,0,0,0,0,0,5,1,1,0,1,0,77,3,0,1,36,1,0,0,0,1,1,0,0,0,0,0,0,1,1,0,0,0,0,0,0,0,0,0,0,0,0,0,0,0,0,0,0,0,0
TCGA-CN-6995,258,204,0,0,0,0,0,3,3,2,2,0,1,167,14,1,0,51,14,0,0,0,1,2,0,0,0,0,0,0,0,0,0,0,0,0,1,1,0,0,1,2,0,0,0,0,1,2,0,0,0,0
TCGA-CQ-5330,81,58,0,1,0,0,0,0,0,0,2,0,0,52,3,0,0,22,1,0,0,0,1,1,1,1,0,0,0,0,0,0,0,0,0,0,0,0,0,0,1,1,0,0,0,0,0,0,0,0,0,0
TCGA-CQ-5331,173,130,0,1,1,0,0,3,2,4,0,0,3,116,7,0,0,34,2,0,0,0,1,2,1,1,1,1,0,0,0,0,1,1,0,0,1,3,0,0,0,0,0,0,0,0,0,0,0,0,1,1
TCGA-CQ-5332,162,121,1,0,0,0,0,2,1,0,1,0,1,109,4,0,2,37,4,0,0,0,1,1,0,0,0,0,0,0,0,0,0,0,0,0,1,1,0,0,1,1,0,0,0,0,1,1,0,0,0,0
TCGA-CQ-5334,213,162,0,0,0,0,0,5,5,1,2,0,0,131,14,0,1,49,5,0,0,0,1,2,0,0,0,0,1,1,1,1,1,1,0,0,0,0,0,0,0,0,0,0,1,1,0,0,0,0,0,0
TCGA-CQ-7065,39,27,1,0,0,0,0,2,1,0,0,0,0,20,2,0,0,11,2,0,0,0,1,1,0,0,0,0,0,0,0,0,0,0,0,0,1,1,0,0,1,1,0,0,1,1,0,0,0,0,0,0
TCGA-CQ-7068,126,88,0,0,0,0,0,4,1,0,0,1,2,78,4,0,0,36,0,0,0,0,0,0,0,0,0,0,0,0,0,0,1,1,1,1,1,2,0,0,0,0,0,0,0,0,0,0,0,0,0,0
TCGA-CR-6477,105,76,0,1,0,0,0,8,2,1,0,0,0,59,4,0,1,25,3,1,0,0,1,1,0,0,0,0,0,0,1,1,0,0,0,0,1,1,1,1,0,0,0,0,0,0,0,0,1,1,1,1
TCGA-CR-6478,151,97,0,1,0,0,0,2,0,2,1,0,0,85,6,0,0,51,3,0,0,0,1,1,0,0,0,0,0,0,0,0,0,0,0,0,0,0,0,0,0,0,0,0,0,0,0,0,0,0,0,0
TCGA-CR-6481,560,423,1,3,0,0,0,3,0,0,0,0,3,371,41,0,3,126,8,1,0,0,0,0,0,0,0,0,1,1,0,0,0,0,0,0,1,3,0,0,0,0,0,0,0,0,0,0,0,0,0,0
TCGA-CR-6487,150,119,0,0,0,0,0,4,0,2,0,0,0,94,14,1,1,28,6,0,0,0,0,0,0,0,1,1,0,0,0,0,0,0,0,0,1,1,1,1,0,0,0,0,1,1,0,0,0,0,0,0
TCGA-CR-6488,44,34,0,0,0,0,0,0,1,0,1,0,0,25,5,0,0,10,2,0,0,0,0,0,0,0,0,0,0,0,0,0,0,0,0,0,0,0,0,0,0,0,0,0,0,0,0,0,0,0,0,0
TCGA-CR-6493,46,38,0,0,0,0,0,2,0,1,2,1,0,29,2,0,0,7,2,0,0,0,1,2,0,0,0,0,0,0,0,0,0,0,0,0,0,0,0,0,0,0,0,0,0,0,0,0,0,0,0,0
TCGA-CR-7367,201,156,0,0,0,0,0,2,4,1,1,0,0,131,11,0,0,44,7,0,0,0,0,0,0,0,1,1,0,0,0,0,0,0,0,0,0,0,1,1,0,0,0,0,0,0,0,0,0,0,0,0
TCGA-CR-7368,240,180,0,2,0,0,0,5,3,1,0,0,0,153,11,0,1,56,8,0,0,0,1,1,0,0,0,0,0,0,0,0,0,0,0,0,1,1,0,0,0,0,0,0,0,0,0,0,1,1,0,0
TCGA-CR-7372,58,45,0,0,0,0,0,0,2,0,3,0,0,33,7,0,0,12,0,1,0,0,1,1,0,0,0,0,0,0,0,0,0,0,0,0,0,0,1,1,0,0,0,0,1,1,0,0,0,0,0,0
TCGA-CR-7373,138,95,0,0,0,0,0,3,1,0,0,0,0,80,8,1,0,43,2,0,0,0,0,0,0,0,0,0,0,0,0,0,0,0,0,0,0,0,0,0,0,0,1,1,0,0,0,0,1,1,0,0
TCGA-CR-7376,75,59,1,0,0,0,0,1,0,0,0,0,1,49,6,0,0,14,3,0,0,0,1,2,0,0,0,0,1,1,0,0,0,0,0,0,1,1,1,1,0,0,0,0,0,0,0,0,0,0,1,1
TCGA-CR-7379,177,120,0,0,0,0,0,1,1,1,2,0,0,102,11,0,0,56,3,0,0,0,1,1,0,0,0,0,1,1,1,1,1,1,0,0,1,1,0,0,1,1,0,0,0,0,0,0,0,0,0,0
TCGA-CR-7383,120,91,0,1,0,0,1,4,0,0,1,0,0,73,9,0,0,27,4,0,0,0,1,1,0,0,0,0,0,0,0,0,0,0,0,0,1,1,0,0,0,0,0,0,0,0,0,0,0,0,0,0
TCGA-CR-7385,59,45,0,0,0,0,0,2,0,0,1,0,0,37,3,0,0,14,2,0,0,0,0,0,0,0,0,0,0,0,0,0,0,0,0,0,0,0,0,0,0,0,0,0,0,0,0,0,0,0,0,0
TCGA-CR-7391,13,11,0,0,0,0,0,0,0,0,1,0,0,9,1,0,0,2,0,0,0,0,0,0,0,0,0,0,0,0,0,0,0,0,0,0,0,0,0,0,0,0,0,0,0,0,0,0,0,0,0,0
TCGA-CR-7392,39,32,0,0,0,0,0,0,0,0,1,0,0,27,3,0,0,7,1,0,0,0,0,0,0,0,0,0,0,0,0,0,0,0,0,0,0,0,0,0,0,0,0,0,0,0,0,0,0,0,0,0
TCGA-CR-7394,213,149,0,2,0,0,0,0,1,1,0,0,0,126,14,0,1,60,8,0,0,0,1,1,1,1,1,1,1,1,1,1,1,1,1,1,0,0,1,1,0,0,0,0,0,0,0,0,1,1,0,0
TCGA-CR-7401,109,72,0,0,0,0,0,1,1,0,1,1,0,60,4,1,1,35,3,0,1,0,1,1,0,0,1,1,0,0,0,0,0,0,0,0,0,0,0,0,1,1,0,0,0,0,0,0,0,0,0,0
TCGA-CV-5442,306,237,0,0,0,0,0,2,3,0,1,0,2,203,17,0,0,67,11,0,0,0,0,0,0,0,1,1,0,0,0,0,0,0,0,0,0,0,1,1,0,0,0,0,0,0,0,0,1,1,0,0
TCGA-CV-5971,34,22,0,0,0,0,0,1,0,0,0,0,0,19,1,0,0,12,1,0,0,0,0,0,0,0,0,0,1,1,0,0,0,0,0,0,0,0,0,0,0,0,1,1,0,0,1,1,0,0,0,0
TCGA-CV-5973,74,49,0,0,0,0,0,6,1,0,0,1,0,39,2,0,0,25,0,0,0,0,1,1,1,1,0,0,1,1,0,0,0,0,0,0,0,0,0,0,0,0,0,0,0,0,0,0,0,0,0,0
TCGA-CV-5979,44,36,0,0,0,0,0,0,0,0,0,0,0,33,2,0,0,8,1,0,0,0,1,1,0,0,0,0,0,0,0,0,0,0,0,0,0,0,0,0,0,0,0,0,0,0,0,0,0,0,0,0
TCGA-CV-6433,71,52,0,0,1,0,0,2,0,1,1,0,0,43,2,0,0,17,4,0,0,0,0,0,0,0,0,0,0,0,0,0,0,0,0,0,0,0,1,1,1,1,0,0,0,0,0,0,0,0,1,1
TCGA-CV-6441,259,192,0,0,0,0,0,8,3,0,2,0,2,158,14,0,1,64,7,0,0,0,0,0,0,0,0,0,0,0,1,1,0,0,0,0,1,4,0,0,0,0,0,0,1,1,0,0,0,0,0,0
TCGA-CV-6934,108,83,0,0,0,0,0,2,1,1,2,0,0,71,2,0,1,23,5,0,0,0,1,1,0,0,0,0,0,0,0,0,0,0,0,0,1,2,0,0,0,0,0,0,0,0,0,0,0,0,0,0
TCGA-CV-6945,159,115,0,0,0,0,0,3,2,1,2,0,1,88,7,1,0,41,12,1,0,0,1,1,1,1,1,1,0,0,0,0,0,0,0,0,1,2,1,1,0,0,0,0,0,0,1,1,0,0,0,0
TCGA-CV-6948,235,172,0,0,0,0,0,6,4,1,3,0,0,135,13,0,1,60,11,1,0,0,1,2,0,0,1,1,0,0,0,0,0,0,0,0,0,0,1,1,0,0,1,1,0,0,1,1,0,0,1,1
TCGA-CV-6956,214,152,0,0,0,0,0,5,2,1,0,0,0,127,8,2,1,60,8,0,0,0,1,1,0,0,1,1,0,0,1,1,0,0,0,0,1,1,0,0,1,1,0,0,0,0,0,0,0,0,0,0
TCGA-CV-6959,76,54,1,0,0,0,0,3,0,1,0,0,0,45,4,0,0,20,2,0,0,0,1,1,1,1,0,0,1,1,1,1,0,0,0,0,1,1,0,0,1,1,0,0,0,0,0,0,0,0,0,0
TCGA-CV-7097,107,75,0,0,0,0,0,4,2,2,0,0,0,58,7,0,0,30,4,0,0,0,1,1,0,0,0,0,0,0,0,0,0,0,0,0,1,1,0,0,0,0,1,1,0,0,0,0,0,0,1,2
TCGA-CV-7099,348,252,0,0,0,0,0,5,4,2,1,0,0,212,24,0,1,93,6,0,0,0,1,1,0,0,0,0,1,1,1,2,1,1,0,0,0,0,0,0,0,0,1,2,0,0,0,0,0,0,0,0
TCGA-CV-7100,21,16,0,0,0,0,0,3,4,1,0,0,0,9,0,0,0,4,0,0,0,0,0,0,0,0,0,0,0,0,0,0,0,0,0,0,0,0,0,0,0,0,0,0,0,0,0,0,0,0,0,0
TCGA-CV-7102,166,128,0,0,0,0,0,1,2,1,0,0,1,109,8,0,1,35,8,0,0,0,1,1,0,0,0,0,0,0,0,0,0,0,0,0,1,2,0,0,0,0,0,0,0,0,0,0,0,0,0,0
TCGA-CV-7103,54,40,0,0,0,0,0,1,2,1,1,0,0,31,2,0,1,12,3,0,0,0,1,1,0,0,0,0,0,0,1,1,0,0,0,0,0,0,0,0,1,1,0,0,0,0,0,0,0,0,0,0
TCGA-CV-7183,84,65,0,0,0,0,0,7,3,0,1,0,0,48,5,0,0,19,1,0,0,0,0,0,0,0,0,0,0,0,1,1,0,0,1,1,0,0,0,0,0,0,0,0,0,0,0,0,0,0,0,0
TCGA-CV-7235,159,115,0,0,0,0,0,4,0,1,1,0,0,100,7,0,1,41,3,1,0,0,1,1,0,0,0,0,0,0,0,0,0,0,0,0,1,1,1,1,0,0,0,0,0,0,1,1,0,0,0,0
TCGA-CV-7236,67,45,0,0,0,0,0,4,0,1,2,1,1,33,3,0,0,20,2,0,0,0,1,1,0,0,0,0,1,1,0,0,0,0,0,0,1,1,0,0,0,0,0,0,0,0,0,0,0,0,0,0
TCGA-CV-7238,81,57,1,0,0,0,0,2,0,0,0,0,0,47,7,0,1,22,1,0,0,0,1,1,0,0,0,0,1,1,0,0,0,0,0,0,0,0,0,0,0,0,0,0,0,0,0,0,0,0,0,0
TCGA-CV-7255,127,98,0,0,0,0,0,9,3,1,3,0,0,76,3,0,0,28,4,0,0,0,1,1,1,1,0,0,0,0,0,0,0,0,0,0,1,2,1,2,0,0,1,1,0,0,0,0,0,0,0,0
TCGA-CV-7263,125,100,2,0,0,0,0,3,1,1,1,0,0,83,6,0,0,22,6,0,0,0,1,1,0,0,0,0,0,0,1,1,0,0,0,0,0,0,0,0,0,0,0,0,0,0,1,1,0,0,1,1
TCGA-CV-7411,138,104,1,0,0,0,0,5,0,0,1,0,0,87,7,0,0,33,4,0,0,0,0,0,0,0,1,1,1,1,0,0,0,0,0,0,0,0,0,0,0,0,0,0,0,0,0,0,1,1,0,0
TCGA-CV-7413,80,59,0,1,0,0,0,0,1,0,1,0,0,53,3,0,0,20,1,0,0,0,1,1,1,1,0,0,0,0,1,1,1,1,0,0,0,0,0,0,0,0,0,0,1,1,0,0,0,0,0,0
TCGA-CV-7416,89,65,0,0,0,0,0,5,0,0,0,1,0,52,5,0,1,23,2,0,0,0,1,1,0,0,0,0,0,0,0,0,0,0,0,0,0,0,0,0,0,0,0,0,0,0,0,0,0,0,0,0
TCGA-CV-7434,109,82,1,0,0,0,0,3,1,0,1,0,1,65,9,0,0,25,3,0,0,0,1,1,0,0,0,0,0,0,0,0,0,0,0,0,0,0,0,0,0,0,1,1,0,0,0,0,0,0,0,0
TCGA-CX-7082,114,84,0,0,0,0,0,4,2,1,0,0,1,68,8,1,0,27,1,0,0,1,1,1,0,0,1,1,0,0,1,1,0,0,0,0,0,0,0,0,1,1,0,0,0,0,0,0,0,0,0,0
TCGA-CX-7086,259,198,0,0,0,0,0,6,4,0,1,0,0,169,13,0,1,59,5,1,0,0,1,1,0,0,0,0,0,0,0,0,0,0,0,0,1,1,0,0,1,2,1,2,0,0,0,0,0,0,0,0
TCGA-D6-6516,2131,1421,0,8,1,1,1,6,2,10,1,0,7,1281,72,0,15,667,59,0,0,0,0,0,1,1,0,0,0,0,0,0,0,0,0,0,1,9,1,4,1,3,1,1,1,3,1,4,0,0,1,4
TCGA-D6-6823,119,95,0,0,0,0,0,1,3,1,0,0,1,81,2,0,2,19,8,0,0,1,1,1,0,0,0,0,0,0,0,0,0,0,0,0,0,0,1,1,0,0,0,0,0,0,0,0,1,1,1,1
TCGA-DQ-5624,123,94,0,0,0,0,0,0,1,0,0,0,0,85,7,0,0,29,1,0,0,0,1,1,0,0,0,0,0,0,0,0,0,0,0,0,1,2,0,0,0,0,0,0,0,0,0,0,0,0,0,0
TCGA-DQ-5625,226,173,0,2,0,0,0,5,2,1,2,0,1,151,6,0,2,47,7,0,0,0,0,0,0,0,0,0,1,1,0,0,0,0,0,0,1,1,0,0,0,0,0,0,1,1,0,0,0,0,0,0
TCGA-DQ-5631,110,76,1,1,0,0,0,3,0,0,0,0,1,61,8,0,1,30,4,0,0,0,1,2,0,0,0,0,1,1,1,1,0,0,0,0,0,0,0,0,1,1,0,0,0,0,0,0,0,0,1,1
TCGA-DQ-7588,122,92,0,0,0,0,0,5,1,1,0,0,0,71,12,0,0,29,3,0,0,0,1,1,0,0,0,0,0,0,0,0,0,0,0,0,0,0,1,1,0,0,0,0,0,0,0,0,0,0,0,0
TCGA-H7-7774,176,136,0,0,0,0,0,3,4,0,2,0,0,116,7,0,0,39,4,0,0,1,0,0,0,0,1,1,0,0,1,2,0,0,0,0,1,1,1,1,0,0,0,0,0,0,0,0,0,0,0,0
TCGA-HD-7831,46,32,0,0,0,0,0,1,2,0,3,0,0,22,2,0,0,14,2,0,0,0,1,1,0,0,0,0,0,0,0,0,0,0,0,0,0,0,0,0,0,0,0,0,0,0,0,0,1,1,0,0
